experiment_id,model,input_size,channels,loss,sampler,augmentation,optimizer,learning_rate,epochs,val_accuracy,val_balanced_accuracy,val_macro_f1,test_accuracy,test_balanced_accuracy,test_macro_f1,weighted_f1,angry_f1,disgust_f1,fear_f1,happy_f1,sad_f1,surprise_f1,neutral_f1,inference_latency_ms,model_size_mb,notes
EXP_V1_BASELINE,resnet18_v1,48x48,1,cross_entropy,uniform,none,adamw,0.0003,15,0.5829,0.5043,0.5032,0.586,0.4996,0.4957,0.5766,0.482,0.0952,0.3398,0.8282,0.4423,0.692,0.5904,3.49,42.65,Original V1 baseline (pruned 30% champion)
EXP_A1_SAMPLER_BALANCED,resnet18,48x48,1,cross_entropy,balanced_sampler,none,adamw,0.0003,2,0.385,0.4075,0.3605,HELD_OUT,HELD_OUT,HELD_OUT,0.3934,0.3269,0.1571,0.2249,0.5191,0.2883,0.6034,0.4037,0.92,42.65,Full inverse class frequency sampling
EXP_A2_SAMPLER_SMOOTHED,resnet18,48x48,1,cross_entropy,smoothed_sampler,none,adamw,0.0003,2,0.4208,0.3733,0.3788,HELD_OUT,HELD_OUT,HELD_OUT,0.4178,0.3171,0.1667,0.2961,0.5926,0.3067,0.6006,0.3722,1.54,42.65,Square-root smoothed class frequency sampling
EXP_B1_WEIGHTED_CE_INVERSE,resnet18,48x48,1,cross_entropy,uniform,none,adamw,0.0003,2,0.3825,0.3711,0.3505,HELD_OUT,HELD_OUT,HELD_OUT,0.3844,0.2539,0.1892,0.2857,0.5378,0.3333,0.4903,0.3632,0.8,42.65,Inverse class frequency weighted CrossEntropy
EXP_B2_WEIGHTED_CE_EFFECTIVE,resnet18,48x48,1,cross_entropy,uniform,none,adamw,0.0003,2,0.3842,0.3785,0.3351,HELD_OUT,HELD_OUT,HELD_OUT,0.3773,0.223,0.1311,0.2345,0.565,0.3483,0.5172,0.3265,0.84,42.65,Cui et al. effective number of samples weighting
EXP_C1_FOCAL_GAMMA_1,resnet18,48x48,1,focal,uniform,none,adamw,0.0003,2,0.3867,0.389,0.3434,HELD_OUT,HELD_OUT,HELD_OUT,0.3716,0.229,0.2353,0.2296,0.5566,0.3697,0.5,0.2838,0.85,42.65,Focal Loss gamma=1.0 with effective sample weights
EXP_C2_FOCAL_GAMMA_2,resnet18,48x48,1,focal,uniform,none,adamw,0.0003,2,0.3792,0.3666,0.3293,HELD_OUT,HELD_OUT,HELD_OUT,0.3663,0.2459,0.1474,0.2414,0.5452,0.3198,0.5119,0.2938,0.81,42.65,Focal Loss gamma=2.0 with effective sample weights
EXP_C3_FOCAL_GAMMA_3,resnet18,48x48,1,focal,uniform,none,adamw,0.0003,2,0.3775,0.3473,0.3315,HELD_OUT,HELD_OUT,HELD_OUT,0.3721,0.2335,0.1562,0.2679,0.5638,0.3281,0.4345,0.3362,0.89,42.65,Focal Loss gamma=3.0
EXP_D1_LABEL_SMOOTHING_005,resnet18,48x48,1,label_smoothing,uniform,none,adamw,0.0003,2,0.4392,0.3633,0.3497,HELD_OUT,HELD_OUT,HELD_OUT,0.4124,0.2429,0.0,0.2658,0.5947,0.398,0.5776,0.3688,2.14,42.65,Label smoothing eps=0.05
EXP_D2_LABEL_SMOOTHING_010,resnet18,48x48,1,label_smoothing,uniform,none,adamw,0.0003,2,0.4125,0.3464,0.3333,HELD_OUT,HELD_OUT,HELD_OUT,0.3943,0.237,0.0,0.2857,0.596,0.3977,0.5552,0.2612,0.71,42.65,Label smoothing eps=0.10
EXP_E1_RESOLUTION_112,resnet18,112x112,1,cross_entropy,uniform,none,adamw,0.0003,2,0.4925,0.4105,0.3905,HELD_OUT,HELD_OUT,HELD_OUT,0.4638,0.3128,0.0,0.304,0.6985,0.4225,0.5936,0.4024,3.61,42.65,112x112 grayscale input resolution
EXP_F1_RGB_112,resnet18,112x112,3,cross_entropy,uniform,none,adamw,0.0003,2,0.5058,0.4171,0.3966,HELD_OUT,HELD_OUT,HELD_OUT,0.4716,0.2882,0.0,0.2585,0.7066,0.4714,0.6207,0.4307,3.67,42.65,112x112 RGB with ImageNet normalization
EXP_G1_CONSERVATIVE_AUG,resnet18,112x112,3,cross_entropy,uniform,conservative,adamw,0.0003,2,0.485,0.3995,0.3849,HELD_OUT,HELD_OUT,HELD_OUT,0.4561,0.302,0.0,0.3068,0.7052,0.2907,0.6312,0.4586,29.57,42.65,Conservative facial expression augmentation
EXP_G2_MODERATE_AUG,resnet18,112x112,3,cross_entropy,uniform,moderate,adamw,0.0003,2,0.5142,0.4239,0.4157,HELD_OUT,HELD_OUT,HELD_OUT,0.4956,0.288,0.0,0.2839,0.7578,0.4283,0.6473,0.5043,3.95,42.65,Moderate augmentation with ColorJitter
EXP_H1_MIXUP,resnet18,112x112,3,cross_entropy,uniform,none,adamw,0.0003,2,0.5075,0.4222,0.3942,HELD_OUT,HELD_OUT,HELD_OUT,0.4734,0.1413,0.0,0.3355,0.7471,0.4308,0.6435,0.4612,14.8,42.65,MixUp alpha=0.2
EXP_I1_CUTMIX,resnet18,112x112,3,cross_entropy,uniform,none,adamw,0.0003,2,0.4842,0.4103,0.3921,HELD_OUT,HELD_OUT,HELD_OUT,0.467,0.2797,0.0,0.2635,0.7099,0.3874,0.6118,0.4926,3.84,42.65,CutMix alpha=0.5
EXP_K1_BACKBONE_RESNET50,resnet50,112x112,3,cross_entropy,uniform,none,adamw,0.0003,1,0.2442,0.1654,0.0983,HELD_OUT,HELD_OUT,HELD_OUT,0.1392,0.0115,0.0,0.0,0.3795,0.0192,0.0,0.2779,73.15,89.73,ResNet-50 112x112 RGB
EXP_K2_BACKBONE_EFFICIENTNET_B0,efficientnet_b0,112x112,3,cross_entropy,uniform,none,adamw,0.0003,1,0.2433,0.1628,0.1073,HELD_OUT,HELD_OUT,HELD_OUT,0.1426,0.0114,0.0,0.1007,0.3922,0.028,0.1569,0.0619,30.34,15.32,EfficientNet-B0 112x112 RGB
EXP_K3_BACKBONE_MOBILENET_V3,mobilenet_v3_small,112x112,3,cross_entropy,uniform,none,adamw,0.0003,1,0.2158,0.1786,0.1615,HELD_OUT,HELD_OUT,HELD_OUT,0.1915,0.0119,0.0,0.1575,0.2901,0.1076,0.3136,0.2495,10.14,5.82,MobileNetV3-Small 112x112 RGB
EXP_K4_BACKBONE_CONVNEXT_TINY,convnext_tiny,112x112,3,cross_entropy,uniform,none,adamw,0.0003,1,0.2892,0.2073,0.1585,HELD_OUT,HELD_OUT,HELD_OUT,0.2071,0.2,0.0,0.0594,0.4665,0.0561,0.051,0.2768,59.54,106.15,ConvNeXt-Tiny 112x112 RGB
EXP_L1_ATTENTION_SE,resnet18_se,112x112,3,cross_entropy,uniform,none,adamw,0.0003,1,0.3858,0.3144,0.2803,HELD_OUT,HELD_OUT,HELD_OUT,0.3363,0.0976,0.0,0.1729,0.5394,0.2875,0.4987,0.3663,40.01,42.77,ResNet-18 + Squeeze-and-Excitation
EXP_M1_ATTENTION_CBAM,resnet18_cbam,112x112,3,cross_entropy,uniform,none,adamw,0.0003,1,0.325,0.2476,0.1978,HELD_OUT,HELD_OUT,HELD_OUT,0.245,0.0219,0.0,0.041,0.5058,0.0877,0.41,0.318,35.42,42.77,ResNet-18 + CBAM (Channel & Spatial Attention)
